[
    {
        "name": "超级MV",
        "url": "https://agit.ai/leevi/duo/raw/branch/master/json/MV.txt&&&https://z1.ax1x.com/2023/10/14/pipTgxg.jpg"
    },
    {
        "name": "多多影音",
        "url": "https://agit.ai/leevi/duo/raw/branch/master/v.txt&&&http://3650000.xyz/api/360.php?cid=6"
    },
    {
        "name": "Ray0直播",
        "url": "https://xhdwc.tk/tvlive.txt&&&https://z1.ax1x.com/2023/10/14/pipXB6K.png"
    },
    {
        "name": "道长在线",
        "url": "http://111.67.196.181/zhibo.txt&&&https://z1.ax1x.com/2023/10/14/pipTRMQ.jpg"
    }
]