    {
    
    "作者":"荷城茶秀",
    
    "站名":"hoho影视",
    
    "主页url":"https://hoho.tv/",
    
    "简介":"【荷城茶秀】提醒您请勿相信影片中的广告，以免上当受骗！欢迎加入QQ交流群：869277279，公众号：日后魔改，获取更多影视资源。+video-info-item video-info-content vod_content\">&&华人+…",
    
    "影片状态":"集数：&&</div>",
    
    "影片类型":"tag-link\">&&立即播放",
    
    "标题":"alt=\"&&\"",
    
    "线路数组":"data-dropdown-value=&&</div>",
    
    "线路标题":"荷城茶秀接口-+<span>&&</small>[替换:</span><small>>>🌸共]+集🌸",
    
    "播放数组":"id=\"sort-item&&</div>",
    
    "分类url":"https://hoho.tv/vod/show/{cateId}/area/{area}/class/{class}/page/{catePg}/year/{year}.html;;akx",
    
    "分类":"电影$1#电视剧$2#综艺$3#动漫$4#纪录片$20#电影解说$37"}