    {
    
    "作者":"荷城茶秀",
    
    "站名":"午夜影视影视",
    
    "主页url":"http://www.wuyevod.com/",
    
    "简介":"【荷城茶秀】提醒您请勿相信影片中的广告，以免上当受骗！欢迎加入QQ交流群：869277279，公众号：日后魔改，获取更多影视资源。+<div class=\"text text-row text-row-2\"&&</div>",
    
    "影片状态":"状态：&&</span>",
    
    "影片类型":"分类：&&</span>",
    
    "数组":"pic\">&&</li>",
    
    "副标题":"item-status text-overflow\">&&</p>",
    
    "搜索url":"/vodsearch/-------------.html?wd={wd}",
    
    "搜索数组":"pic\">&&</ul>",
    
    "搜索副标题":"text-overflow\">&&</p>",
    
    "线路数组":"role=\"group\"&&</em>",
    
    "线路标题":"🌸荷城茶秀接口🌸+>午夜线路<",
    
    "分类url":"http://www.wuyevod.com/vodshow/{cateId}-{area}-{by}-{class}-{lang}----{catePg}---{year}.html;;ak",
    
    "分类":"电影$vod#电视剧$tv#综艺$zongyi#动漫$dongman"}