{
    "作者": "菜妮丝",
    "站名": "手机影院",
    "主页url": "https://www.sosotv.pw",
    
    "分类url": "https://www.sosotv.pw/frim/{cateId}-{catePg}.html",
    "分类": "电影&电视剧&动漫&综艺",
    "分类值": "28&2&3&4",
    
    "ocr": "https://api.xhofe.top/ocr/b64/text",
    
    "数组": "<li>&&</li>",
    "图片": "<img src=\"&&\"",
    "标题": "title=\"&&\"",
    "链接": "href=\"&&\"",
    
    "搜索模式": "1",
    "搜索url": "https://www.sosotv.pw/search.php?page=1&searchword={wd}&searchtype=",
    "搜索数组": "<li>&&</li>",
    "搜索图片": "<img src=\"&&\"",
    "搜索标题": "title=\"&&\"",
    "搜索链接": "href=\"&&\""
}