{//关注微信公众号：奇友汇，发送“本地包”，获取本地包更新链接与图文教程。


    "spider": "./spider.jar",
    "lives": [
        {
            "name": "redirect",
            "type": 0,
            "url": "./lives/redirect.txt",
            "epg": ""
        }
    ],
    "sites": [
        {
            "key": "csp_XYQHiker_兔小贝",
            "name": "🐰兔小贝",
            "type": 3,
            "api": "csp_XYQHiker",
            "searchable": 1,
            "quickSearch": 1,
            "filterable": 1,
            "ext": "./json/兔小贝.json",
            "jar": "./jars/csp_XYQHiker_兔小贝.jar"
        },
        {
            "key": "csp_XYQHiker_兔小贝2",
            "name": "🐰兔小贝2",
            "type": 3,
            "api": "csp_XYQHiker",
            "searchable": 1,
            "quickSearch": 1,
            "filterable": 1,
            "ext": "./json/兔小贝2.json",
            "jar": "./jars/csp_XYQHiker_兔小贝.jar"
        },
        {
            "key": "童趣",
            "name": "🍭 | 童趣",
            "type": 3,
            "api": "./api/drpy2.min.js",
            "ext": "./js/童趣.js"
        },
        {
            "key": "幼儿启蒙",
            "name": "🌏幼儿启蒙",
            "type": 3,
            "api": "csp_Bili",
            "searchable": 0,
            "quickSearch": 1,
            "filterable": 1,
            "ext": "./json/幼儿启蒙.json",
            "jar": ""
        },
        {
            "key": "益智",
            "name": "🌏益智┃动画",
            "type": 3,
            "api": "csp_Bili",
            "searchable": 0,
            "quickSearch": 0,
            "filterable": 0,
            "ext": "./json/益智动画.json",
            "jar": ""
        },
        {
            "key": "幼小衔接",
            "name": "🌏幼小衔接",
            "type": 3,
            "api": "csp_Bili",
            "searchable": 0,
            "quickSearch": 1,
            "filterable": 1,
            "ext": "./json/幼小衔接.json",
            "jar": ""
        },
        {
            "key": "小灯塔",
            "name": "🌏小灯塔",
            "type": 3,
            "api": "csp_Bili",
            "searchable": 0,
            "quickSearch": 1,
            "filterable": 1,
            "ext": "./json/小灯塔百科.json",
            "jar": ""
        },
        {
            "key": "小灯塔科学",
            "name": "🌏小灯塔科学",
            "type": 3,
            "api": "csp_Bili",
            "searchable": 0,
            "quickSearch": 1,
            "filterable": 1,
            "ext": "./json/小灯塔科学.json",
            "jar": ""
        },
        {
            "key": "小灯塔地理",
            "name": "🌏小灯塔地理",
            "type": 3,
            "api": "csp_Bili",
            "searchable": 0,
            "quickSearch": 1,
            "filterable": 1,
            "ext": "./json/小灯塔地理.json",
            "jar": ""
        },
        {
            "key": "小灯塔国学",
            "name": "🌏小灯塔国学",
            "type": 3,
            "api": "csp_Bili",
            "searchable": 0,
            "quickSearch": 1,
            "filterable": 1,
            "ext": "./json/小灯塔国学.json",
            "jar": ""
        },
        {
            "key": "小灯塔人文",
            "name": "🌏小灯塔人文",
            "type": 3,
            "api": "csp_Bili",
            "searchable": 0,
            "quickSearch": 1,
            "filterable": 1,
            "ext": "./json/小灯塔人文.json",
            "jar": ""
        },
        {
            "key": "儿童拼音",
            "name": "🌏儿童拼音",
            "type": 3,
            "api": "csp_Bili",
            "searchable": 0,
            "quickSearch": 1,
            "filterable": 1,
            "ext": "./json/儿童拼音.json",
            "jar": ""
        },
        {
            "key": "儿童识字",
            "name": "🌏儿童识字",
            "type": 3,
            "api": "csp_Bili",
            "searchable": 0,
            "quickSearch": 1,
            "filterable": 1,
            "ext": "./json/儿童识字.json",
            "jar": ""
        },
        {
            "key": "儿童英语",
            "name": "🌏儿童英语",
            "type": 3,
            "api": "csp_Bili",
            "searchable": 0,
            "quickSearch": 1,
            "filterable": 1,
            "ext": "./json/儿童英语.json",
            "jar": ""
        },
        {
            "key": "儿童硬笔",
            "name": "🌏儿童硬笔",
            "type": 3,
            "api": "csp_Bili",
            "searchable": 0,
            "quickSearch": 1,
            "filterable": 1,
            "ext": "./json/儿童硬笔.json",
            "jar": ""
        },
        {
            "key": "儿童思维",
            "name": "🌏儿童思维",
            "type": 3,
            "api": "csp_Bili",
            "searchable": 0,
            "quickSearch": 1,
            "filterable": 1,
            "ext": "./json/儿童思维.json",
            "jar": ""
        },
        {
            "key": "儿童口才",
            "name": "🌏儿童口才",
            "type": 3,
            "api": "csp_Bili",
            "searchable": 0,
            "quickSearch": 1,
            "filterable": 1,
            "ext": "./json/儿童口才.json",
            "jar": ""
        },
        {
            "key": "儿童编程",
            "name": "🌏儿童编程",
            "type": 3,
            "api": "csp_Bili",
            "searchable": 0,
            "quickSearch": 1,
            "filterable": 1,
            "ext": "./json/儿童编程.json",
            "jar": ""
        },
        {
            "key": "儿童武术",
            "name": "🌏儿童武术",
            "type": 3,
            "api": "csp_Bili",
            "searchable": 0,
            "quickSearch": 1,
            "filterable": 1,
            "ext": "./json/儿童武术.json",
            "jar": ""
        },
        {
            "key": "兴趣培养",
            "name": "🌏兴趣培养",
            "type": 3,
            "api": "csp_Bili",
            "searchable": 0,
            "quickSearch": 1,
            "filterable": 1,
            "ext": "./json/兴趣培养.json",
            "jar": ""
        },
        {
            "key": "小学",
            "name": "🌏小学教育",
            "type": 3,
            "api": "csp_Bili",
            "searchable": 0,
            "quickSearch": 1,
            "filterable": 1,
            "ext": "./json/哔哩哔哩小学.json",
            "jar": ""
        },
        {
            "key": "初中",
            "name": "🌏初中教育",
            "type": 3,
            "api": "csp_Bili",
            "searchable": 0,
            "quickSearch": 1,
            "filterable": 1,
            "ext": "./json/哔哩哔哩初中.json",
            "jar": ""
        },
        {
            "key": "高中",
            "name": "🌏高中教育",
            "type": 3,
            "api": "csp_Bili",
            "searchable": 0,
            "quickSearch": 1,
            "filterable": 1,
            "ext": "./json/哔哩哔哩高中.json",
            "jar": ""
        },
        {
            "key": "腾讯",
            "name": "🎅🏻 | 少儿频道1",
            "type": 3,
            "api": "./api/drpy2.min.js",
            "ext": "./js/腾讯.js"
        },
        {
            "key": "芒果",
            "name": "👼🏻 | 少儿频道2",
            "type": 3,
            "api": "./api/drpy2.min.js",
            "ext": "./js/忙果.js"
        },
        {
            "key": "奇艺",
            "name": "🧚 | 少儿频道3",
            "type": 3,
            "api": "./api/drpy2.min.js",
            "ext": "./js/异兽.js"
        },
        {
            "key": "优酷",
            "name": "🧜‍| 少儿频道4",
            "type": 3,
            "api": "./api/drpy2.min.js",
            "ext": "./js/优酷.js"
        },
        {
            "key": "py_cctv_1",
            "name": "🅱️央视-少儿",
            "type": 3,
            "api": "py_cctv",
            "searchable": 0,
            "quickSearch": 0,
            "filterable": 1,
            "ext": "./py/py_cctv_1.py"
        },
        {
            "key": "ysjd",
            "name": "🅱️央视┃经典",
            "type": 3,
            "api": "csp_Bili",
            "searchable": 0,
            "quickSearch": 0,
            "filterable": 0,
            "ext": "./json/央视经典.json",
            "jar": ""
        },
        {
            "key": "push_agent",
            "name": "▶┃推送┃磁力",
            "type": 3,
            "api": "csp_Push",
            "playerType": 1,
            "searchable": 0,
            "quickSearch": 0,
            "filterable": 0,
            "ext": "http://127.0.0.1:9978/file/tvboxqq/token.txt"
        }
    ],
    "parses": [
        {
            "name": "超解析",
            "type": 3,
            "url": "Demo"
        },
        {
            "name": "超级嗅探",
            "type": 3,
            "url": "Web"
        },
        {
            "name": "夜猫超解析",
            "type": 1,
            "url": "https://api.json.icu/api/?key=2d8f7d8ce736b70c7e3382b2fba57bc9&url=",
            "ext": {
                "flag": [
                    "qq",
                    "腾讯",
                    "企鹅",
                    "IQiYi",
                    "qiyi",
                    "爱奇艺",
                    "奇艺",
                    "youku",
                    "YouKu",
                    "优酷",
                    "sohu",
                    "SoHu",
                    "搜狐",
                    "letv",
                    "LeShi",
                    "乐视",
                    "imgo",
                    "mgtv",
                    "MangGuo",
                    "芒果",
                    "SLYS4k",
                    "BYGA",
                    "luanzi",
                    "AliS",
                    "dxzy",
                    "bilibili",
                    "QEYSS",
                    "xigua",
                    "西瓜视频",
                    "腾讯视频",
                    "奇艺视频",
                    "优酷视频",
                    "芒果视频",
                    "乐视视频"
                ],
                "header": {
                    "User-Agent": "Dart/3.0(dart:io)"
                }
            }
        },
        {
            "name": "夜猫超聚合",
            "type": 1,
            "url": "http://42.51.37.161:5678/json/520239app9/gf2.php?url=",
            "ext": {
                "flag": [
                    "qq",
                    "腾讯",
                    "企鹅",
                    "IQiYi",
                    "qiyi",
                    "爱奇艺",
                    "奇艺",
                    "youku",
                    "YouKu",
                    "优酷",
                    "sohu",
                    "SoHu",
                    "搜狐",
                    "letv",
                    "LeShi",
                    "乐视",
                    "imgo",
                    "mgtv",
                    "MangGuo",
                    "芒果",
                    "SLYS4k",
                    "BYGA",
                    "luanzi",
                    "AliS",
                    "dxzy",
                    "bilibili",
                    "QEYSS",
                    "xigua",
                    "西瓜视频",
                    "腾讯视频",
                    "奇艺视频",
                    "优酷视频",
                    "芒果视频",
                    "乐视视频"
                ],
                "header": {
                    "User-Agent": "Dart/3.0(dart:io)"
                }
            }
        },
        {
            "name": "夜猫超解析2",
            "type": 1,
            "url": "https://api.8l2.cn/api/?key=5c9905a3dc0bef77647d1bb4a1d319ad&url=",
            "ext": {
                "flag": [
                    "qq",
                    "腾讯",
                    "企鹅",
                    "IQiYi",
                    "qiyi",
                    "爱奇艺",
                    "奇艺",
                    "youku",
                    "YouKu",
                    "优酷",
                    "sohu",
                    "SoHu",
                    "搜狐",
                    "letv",
                    "LeShi",
                    "乐视",
                    "imgo",
                    "mgtv",
                    "MangGuo",
                    "芒果",
                    "SLYS4k",
                    "BYGA",
                    "luanzi",
                    "AliS",
                    "dxzy",
                    "bilibili",
                    "QEYSS",
                    "xigua",
                    "西瓜视频",
                    "腾讯视频",
                    "奇艺视频",
                    "优酷视频",
                    "芒果视频",
                    "乐视视频"
                ],
                "header": {
                    "User-Agent": "Dart/3.0(dart:io)"
                }
            }
        },
        {
            "name": "高清嗅探",
            "type": 0,
            "url": "https://jx.777jiexi.com/player/?next=https://www.woaimoon.com/vod/98780-9-2.html&url=",
            "ext": {
                "header": {
                    "User-Agent": "Mozilla/5.0"
                }
            }
        },
        {
            "name": "dy6g",
            "type": 0,
            "url": "https://vip.lianfaka.com/vip/?url=",
            "ext": {
                "flag": [
                    "qq",
                    "腾讯",
                    "企鹅",
                    "IQiYi",
                    "qiyi",
                    "爱奇艺",
                    "奇艺",
                    "youku",
                    "YouKu",
                    "优酷",
                    "sohu",
                    "SoHu",
                    "搜狐",
                    "letv",
                    "LeShi",
                    "乐视",
                    "imgo",
                    "mgtv",
                    "MangGuo",
                    "芒果",
                    "SLYS4k",
                    "BYGA",
                    "luanzi",
                    "AliS",
                    "dxzy",
                    "bilibili",
                    "QEYSS",
                    "xigua",
                    "西瓜视频",
                    "腾讯视频",
                    "奇艺视频",
                    "优酷视频",
                    "芒果视频",
                    "乐视视频"
                ],
                "header": {
                    "User-Agent": "Mozilla/5.0 (iPhone; CPU iPhone OS 13_2_3 like Mac OS X) AppleWebKit/605.1.15 (KHTML, like Gecko) Version/13.0.3 Mobile/15E148 Safari/604.1",
                    "Referer": "https://www.dy6g.com/"
                }
            }
        },
        {
            "name": "777解析",
            "type": 0,
            "url": "https://jx.777jiexi.com/player/?url="
        },
        {
            "name": "🐱三个柒",
            "type": 0,
            "url": "     \nhttps://jx.jsonplayer.com/player/?url=",
            "ext": {
                "flag": [
                    "qq",
                    "腾讯",
                    "qiyi",
                    "爱奇艺",
                    "奇艺",
                    "youku",
                    "优酷",
                    "sohu",
                    "搜狐",
                    "letv",
                    "乐视",
                    "mgtv",
                    "芒果",
                    "rx",
                    "ltnb",
                    "bilibili",
                    "1905",
                    "xigua"
                ]
            }
        },
        {
            "name": "🐱夜幕/",
            "type": 0,
            "url": "https://www.yemu.xyz/?url=",
            "showType": 3
        },
        {
            "name": "★左岸解析★",
            "type": 0,
            "url": "https://jx.bozrc.com:4433/player/?url=",
            "ext": {
                "flag": [
                    "qq",
                    "腾讯",
                    "qiyi",
                    "爱奇艺",
                    "奇艺",
                    "youku",
                    "优酷",
                    "sohu",
                    "搜狐",
                    "letv",
                    "乐视",
                    "mgtv",
                    "芒果",
                    "rx",
                    "ltnb",
                    "bilibili",
                    "1905",
                    "xigua"
                ]
            }
        },
        {
            "name": "🐱0号",
            "type": 0,
            "url": "http://91fanli.top/m3u8/?url=",
            "ext": {
                "header": {
                    "User-Agent": "Mozilla/5.0"
                }
            }
        },
        {
            "name": "🐱2号",
            "type": 0,
            "url": "https://jx.bozrc.com:4433/player/?url=",
            "ext": {
                "header": {
                    "User-Agent": "Mozilla/5.0"
                }
            }
        },
        {
            "name": "🐱3号",
            "type": 0,
            "url": "https://jiexi.555jiexi.net:555/player/?url=",
            "ext": {
                "header": {
                    "User-Agent": "okhttp/4.1.0"
                }
            }
        },
        {
            "name": "🐱6号",
            "type": 0,
            "url": "https://www.yemu.xyz/?url=",
            "ext": {
                "header": {
                    "User-Agent": "Mozilla/5.0"
                }
            }
        },
        {
            "name": "🐱10号",
            "type": 0,
            "url": "https://jx.m3u8.tv/jiexi/?url=",
            "ext": {
                "header": {
                    "User-Agent": "Mozilla/5.0"
                }
            }
        },
        {
            "name": "🐱11号",
            "type": 0,
            "url": "https://z1.m1907.cn/?jx=",
            "ext": {
                "header": {
                    "User-Agent": "Mozilla/5.0"
                }
            }
        },
        {
            "name": "🐱15号",
            "type": 0,
            "url": "https://jx.aidouer.net/?url=",
            "ext": {
                "header": {
                    "User-Agent": "Mozilla/5.0"
                }
            }
        },
        {
            "name": "🐱18号",
            "type": 0,
            "url": "http://api.wpsseo.cn/?v=",
            "ext": {
                "header": {
                    "User-Agent": "Mozilla/5.0"
                }
            }
        },
        {
            "name": "🐱19号",
            "type": 0,
            "url": "https://jx.cainisi.cf/?v=",
            "ext": {
                "header": {
                    "User-Agent": "okhttp/4.1.0"
                }
            }
        },
        {
            "name": "🐱21号",
            "type": 0,
            "url": "https://jx.ppjbk.cn/?url=",
            "ext": {
                "header": {
                    "User-Agent": "Mozilla/5.0"
                }
            }
        },
        {
            "name": "🐱24号",
            "type": 0,
            "url": "https://player.maqq.cn/?url=",
            "ext": {
                "header": {
                    "User-Agent": "Mozilla/5.0"
                }
            }
        },
        {
            "name": "🐱29号",
            "type": 0,
            "url": "https://www.ckplayer.vip/jiexi/?url=",
            "ext": {
                "header": {
                    "User-Agent": "Mozilla/5.0"
                }
            }
        },
        {
            "name": "🐱30号",
            "type": 0,
            "url": "https://jx.kingtail.xyz/?url=",
            "ext": {
                "header": {
                    "User-Agent": "Mozilla/5.0"
                }
            }
        },
        {
            "name": "🐱32号",
            "type": 0,
            "url": "https://jx.xmflv.com/?url=",
            "ext": {
                "header": {
                    "User-Agent": "Mozilla/5.0"
                }
            }
        },
        {
            "name": "🐱33号",
            "type": 0,
            "url": "https://parse.123mingren.com/?url=",
            "ext": {
                "header": {
                    "User-Agent": "Mozilla/5.0"
                }
            }
        },
        {
            "name": "解析啦",
            "type": 0,
            "url": "https://api.jiexi.la/?url=",
            "ext": {
                "flag": [
                    "qq",
                    "腾讯",
                    "qiyi",
                    "爱奇艺",
                    "奇艺",
                    "youku",
                    "优酷",
                    "sohu",
                    "搜狐",
                    "letv",
                    "乐视",
                    "mgtv",
                    "芒果",
                    "rx",
                    "ltnb",
                    "bilibili",
                    "1905",
                    "xigua"
                ]
            }
        },
        {
            "name": "17云解析",
            "type": 0,
            "url": "https://www.1717yun.com/jx/ty.php?url=",
            "ext": {
                "flag": [
                    "qq",
                    "腾讯",
                    "qiyi",
                    "爱奇艺",
                    "奇艺",
                    "youku",
                    "优酷",
                    "sohu",
                    "搜狐",
                    "letv",
                    "乐视",
                    "mgtv",
                    "芒果",
                    "rx",
                    "ltnb",
                    "bilibili",
                    "1905",
                    "xigua"
                ]
            }
        },
        {
            "name": "酷享解析",
            "type": 0,
            "url": "https://jx.jsonplayer.com/player/?url=",
            "ext": {
                "flag": [
                    "qq",
                    "腾讯",
                    "qiyi",
                    "爱奇艺",
                    "奇艺",
                    "youku",
                    "优酷",
                    "sohu",
                    "搜狐",
                    "letv",
                    "乐视",
                    "mgtv",
                    "芒果",
                    "CL4K",
                    "renrenmi",
                    "ltnb",
                    "bilibili",
                    "1905",
                    "xigua"
                ]
            }
        },
        {
            "name": "江湖解析",
            "type": 0,
            "url": "https://www.pangujiexi.com/pangu/?url=",
            "ext": {
                "flag": [
                    "qq",
                    "qiyi",
                    "mgtv",
                    "youku",
                    "letv",
                    "sohu",
                    "xigua",
                    "1905",
                    "优播线路",
                    "腾播线路"
                ],
                "header": {
                    "User-Agent": "Dart/2.14 (dart:io)"
                }
            }
        },
        {
            "name": "🐱战狼",
            "type": 0,
            "url": "https://jx.zhanlangbu.com/?url",
            "ext": {
                "flag": [
                    "qq",
                    "腾讯",
                    "qiyi",
                    "爱奇艺",
                    "奇艺",
                    "youku",
                    "优酷",
                    "mgtv",
                    "芒果",
                    "letv",
                    "乐视",
                    "pptv",
                    "PPTV",
                    "sohu",
                    "bilibili",
                    "哔哩哔哩",
                    "哔哩"
                ],
                "header": {
                    "User-Agent": ""
                }
            }
        },
        {
            "name": "🐱芒果腾讯专用",
            "type": 0,
            "url": "https://jx.xmflv.com/?url=",
            "ext": {
                "flag": [
                    "qq",
                    "腾讯",
                    "qiyi",
                    "爱奇艺",
                    "奇艺",
                    "youku",
                    "优酷",
                    "mgtv",
                    "芒果",
                    "letv",
                    "乐视",
                    "pptv",
                    "PPTV",
                    "sohu",
                    "bilibili",
                    "哔哩哔哩",
                    "哔哩"
                ],
                "header": {
                    "User-Agent": ""
                }
            }
        },
        {
            "name": "🐱腾讯备用",
            "type": 0,
            "url": "https://go.yh0523.cn/y.cy?url=",
            "ext": {
                "flag": [
                    "qq",
                    "腾讯",
                    "qiyi",
                    "爱奇艺",
                    "奇艺",
                    "youku",
                    "优酷",
                    "mgtv",
                    "芒果",
                    "letv",
                    "乐视",
                    "pptv",
                    "PPTV",
                    "sohu",
                    "bilibili",
                    "哔哩哔哩",
                    "哔哩"
                ],
                "header": {
                    "User-Agent": ""
                }
            }
        },
        {
            "name": "🐱手动点击json播",
            "type": 0,
            "url": "https://jx.jsonplayer.com/player/?=&url=",
            "ext": {
                "flag": [
                    "qq",
                    "腾讯",
                    "qiyi",
                    "爱奇艺",
                    "奇艺",
                    "youku",
                    "优酷",
                    "mgtv",
                    "芒果",
                    "letv",
                    "乐视",
                    "pptv",
                    "PPTV",
                    "sohu",
                    "bilibili",
                    "哔哩哔哩",
                    "哔哩"
                ],
                "header": {
                    "User-Agent": ""
                }
            }
        },
        {
            "name": "🐱手动点击诺讯",
            "type": 0,
            "url": "https://yun.nxflv.com/?url=",
            "ext": {
                "flag": [
                    "qq",
                    "腾讯",
                    "qiyi",
                    "爱奇艺",
                    "奇艺",
                    "youku",
                    "优酷",
                    "mgtv",
                    "芒果",
                    "letv",
                    "乐视",
                    "pptv",
                    "PPTV",
                    "sohu",
                    "bilibili",
                    "哔哩哔哩",
                    "哔哩"
                ],
                "header": {
                    "User-Agent": ""
                }
            }
        }
    ],
    "ijk": [
        {
            "group": "软解码",
            "options": [
                {
                    "category": 4,
                    "name": "opensles",
                    "value": "0"
                },
                {
                    "category": 4,
                    "name": "overlay-format",
                    "value": "842225234"
                },
                {
                    "category": 4,
                    "name": "framedrop",
                    "value": "1"
                },
                {
                    "category": 4,
                    "name": "soundtouch",
                    "value": "1"
                },
                {
                    "category": 4,
                    "name": "start-on-prepared",
                    "value": "1"
                },
                {
                    "category": 1,
                    "name": "http-detect-range-support",
                    "value": "0"
                },
                {
                    "category": 2,
                    "name": "skip_loop_filter",
                    "value": "48"
                },
                {
                    "category": 4,
                    "name": "reconnect",
                    "value": "1"
                },
                {
                    "category": 4,
                    "name": "enable-accurate-seek",
                    "value": "0"
                },
                {
                    "category": 4,
                    "name": "mediacodec",
                    "value": "0"
                },
                {
                    "category": 4,
                    "name": "mediacodec-auto-rotate",
                    "value": "0"
                },
                {
                    "category": 4,
                    "name": "mediacodec-handle-resolution-change",
                    "value": "0"
                },
                {
                    "category": 4,
                    "name": "mediacodec-hevc",
                    "value": "0"
                },
                {
                    "category": 1,
                    "name": "dns_cache_timeout",
                    "value": "600000000"
                }
            ]
        },
        {
            "group": "硬解码",
            "options": [
                {
                    "category": 4,
                    "name": "opensles",
                    "value": "0"
                },
                {
                    "category": 4,
                    "name": "overlay-format",
                    "value": "842225234"
                },
                {
                    "category": 4,
                    "name": "framedrop",
                    "value": "1"
                },
                {
                    "category": 4,
                    "name": "soundtouch",
                    "value": "1"
                },
                {
                    "category": 4,
                    "name": "start-on-prepared",
                    "value": "1"
                },
                {
                    "category": 1,
                    "name": "http-detect-range-support",
                    "value": "0"
                },
                {
                    "category": 1,
                    "name": "fflags",
                    "value": "fastseek"
                },
                {
                    "category": 2,
                    "name": "skip_loop_filter",
                    "value": "48"
                },
                {
                    "category": 4,
                    "name": "reconnect",
                    "value": "1"
                },
                {
                    "category": 4,
                    "name": "enable-accurate-seek",
                    "value": "0"
                },
                {
                    "category": 4,
                    "name": "mediacodec",
                    "value": "1"
                },
                {
                    "category": 4,
                    "name": "mediacodec-auto-rotate",
                    "value": "1"
                },
                {
                    "category": 4,
                    "name": "mediacodec-handle-resolution-change",
                    "value": "1"
                },
                {
                    "category": 4,
                    "name": "mediacodec-hevc",
                    "value": "1"
                },
                {
                    "category": 1,
                    "name": "dns_cache_timeout",
                    "value": "600000000"
                }
            ]
        }
    ],
    "ads": [
        "https://lf1-cdn-tos.bytegoofy.com/obj/tos-cn-i-dy/455ccf9e8ae744378118e4bd289288dd",
        "mimg.0c1q0l.cn",
        "www.googletagmanager.com",
        "www.google-analytics.com",
        "wan.51img1.com",
        "mc.usihnbcq.cn",
        "mg.g1mm3d.cn",
        "mscs.svaeuzh.cn",
        "cnzz.hhttm.top",
        "tp.vinuxhome.com",
        "cnzz.mmstat.com",
        "www.baihuillq.com",
        "s23.cnzz.com",
        "z3.cnzz.com",
        "c.cnzz.com",
        "stj.v1vo.top",
        "z12.cnzz.com",
        "img.mosflower.cn",
        "tips.gamevvip.com",
        "ehwe.yhdtns.com",
        "xdn.cqqc3.com",
        "www.jixunkyy.cn",
        "sp.chemacid.cn",
        "hm.baidu.com",
        "s9.cnzz.com",
        "z6.cnzz.com",
        "um.cavuc.com",
        "mav.mavuz.com",
        "wofwk.aoidf3.com",
        "z5.cnzz.com",
        "xc.hubeijieshikj.cn",
        "tj.tianwenhu.com",
        "xg.gars57.cn",
        "k.jinxiuzhilv.com",
        "cdn.bootcss.com",
        "ppl.xunzhuo123.com",
        "xomk.jiangjunmh.top",
        "img.xunzhuo123.com",
        "z1.cnzz.com",
        "s13.cnzz.com",
        "xg.huataisangao.cn",
        "z7.cnzz.com",
        "xg.huataisangao.cn",
        "z2.cnzz.com",
        "s96.cnzz.com",
        "q11.cnzz.com",
        "thy.dacedsfa.cn",
        "xg.whsbpw.cn",
        "s19.cnzz.com",
        "z8.cnzz.com",
        "s4.cnzz.com",
        "f5w.as12df.top",
        "ae01.alicdn.com",
        "www.92424.cn",
        "k.wudejia.com",
        "vivovip.mmszxc.top",
        "qiu.xixiqiu.com",
        "cdnjs.hnfenxun.com",
        "cms.qdwght.com"
    ]
}